
INSERT INTO `roles` (`id`, `name`, `guard_name`, `created_at`, `updated_at`) VALUES
(7, 'Administrador', 'web', '2022-07-28 16:32:48', '2022-07-28 16:32:48'),
(8, 'Moderador', 'web', '2022-07-28 16:32:48', '2022-07-28 16:32:48'),
(9, 'ColaboradorBeneficiario', 'web', '2022-07-28 16:32:48', '2022-07-28 16:32:48');

INSERT INTO `permissions` (`id`, `name`, `guard_name`, `created_at`, `updated_at`) VALUES
(5, 'home.faq', 'web', '2022-07-28 16:32:48', '2022-07-28 16:32:48'),
(6, 'objetosBuscados.show', 'web', '2022-07-28 16:32:48', '2022-07-28 16:32:48'),
(7, 'admin.usuarios.index', 'web', '2022-08-23 16:36:50', '2022-08-23 16:36:50'),
(8, 'admin.objetos.index', 'web', '2022-08-23 16:36:50', '2022-08-23 16:36:50'),
(9, 'api.usuarios.cambiarEstadoBloqueado', 'web', '2022-08-23 16:36:50', '2022-08-23 16:36:50'),
(10, 'admin.usuarios.destroy', 'web', '2022-08-23 16:36:50', '2022-08-23 16:36:50'),
(11, 'api.usuarios.cambiarRol', 'web', '2022-08-23 16:36:50', '2022-08-23 16:36:50');

INSERT INTO `role_has_permissions` (`permission_id`, `role_id`) VALUES
(5, 7),
(6, 7),
(6, 8),
(7, 7),
(7, 8),
(8, 7),
(8, 8),
(9, 7),
(9, 8),
(10, 7),
(11, 7);

INSERT INTO `images` (`id`, `url`, `tipo`, `created_at`, `updated_at`) VALUES
(1, 'users/frJme77C2vV2jcaRS2l2cgM91mrsRzCWmpjIpQq2.jpg', 'user', '2022-07-17 19:28:12', '2023-02-20 19:16:17'),
(2, 'users/a3e4ce47781adfcee87ad3268a0b528b.jpg', 'user', '2022-07-17 19:28:12', '2022-07-17 19:28:12'),
(3, 'users/ZlCFKVLzsGxK6KVqnliG2jYp8P1GHKILbMXtsHgB.jpg', 'user', '2022-07-17 19:28:12', '2023-02-21 17:31:28'),
(4, 'users/cade997022cc89b00082db76c153b825.jpg', 'user', '2022-07-17 19:28:12', '2022-07-17 19:28:12'),
(5, 'users/gT9ah63V3dXPpTHxqxdnr0TswA3CMIGDtPLpQvok.jpg', 'user', '2022-07-17 19:28:12', '2023-02-21 17:18:26'),
(6, 'users/DCJhqcrT5WX3fC2kqEWx8WcVATC8HYGUTQt7gxFb.jpg', 'user', '2022-07-17 19:28:12', '2023-02-21 17:38:25'),
(7, 'users/ZZqCoxGO5W3a33XTvZkTedNTImBk3MIJY8IU3GTS.jpg', 'user', '2022-07-17 19:28:12', '2023-02-21 17:42:36'),
(8, 'users/Tqfn8qtJCW3VHA3FbqugotL9EBHEzKQrq34Uds9E.jpg', 'user', '2022-07-17 19:28:12', '2023-02-21 17:44:45'),
(9, 'users/QadzQDhiHKsKHyBaS2VRDPnCn9EbGAO5ZW5D7Qbu.jpg', 'user', '2022-07-17 19:28:12', '2023-02-21 17:51:11'),
(10, 'users/utvf6UnxGctlLCMOHTz79caOwrLD5kfxi58f9pae.jpg', 'user', '2022-07-17 19:28:12', '2023-02-21 17:54:08'),
(25, 'objetos/cf811b8e4a5fd5fed1f2a904ffc94c93.jpg', 'objeto', '2022-07-17 19:28:18', '2022-07-17 19:28:18'),
(26, 'objetos/c981b99f89c1de8aa064aa10de71f5cb.jpg', 'objeto', '2022-07-17 19:28:18', '2022-07-17 19:28:18'),
(27, 'objetos/c5be0f0ba667baff0b5a466a72c8018d.jpg', 'objeto', '2022-07-17 19:28:19', '2022-07-17 19:28:19'),
(28, 'objetos/0cb7cc149efe317ce1ee0ba560d8def6.jpg', 'objeto', '2022-07-17 19:28:19', '2022-07-17 19:28:19'),
(29, 'objetos/37ec75b3ca191e56a00fdd05e3e785a9.jpg', 'objeto', '2022-07-17 19:28:19', '2022-07-17 19:28:19'),
(31, 'objetos/bb37f0812e3fc757bfe6fd0d1dd3e837.jpg', 'objeto', '2022-07-17 19:28:19', '2022-07-17 19:28:19'),
(37, 'objetos/bc32253087ef7a4363af592cf8f71be7.jpg', 'objeto', '2022-07-17 19:28:22', '2022-07-17 19:28:22'),
(38, 'objetos/6bdd86665302199d6567b69b374c15ad.jpg', 'objeto', '2022-07-17 19:28:22', '2022-07-17 19:28:22'),
(39, 'objetos/3eced1ca28419e4c77394116a5fac38c.jpg', 'objeto', '2022-07-17 19:28:22', '2022-07-17 19:28:22'),
(50, 'objetos/9af59deb33a95aeba16ab509696f4223.jpg', 'objeto', '2022-07-17 19:28:25', '2022-07-17 19:28:25'),
(57, 'objetos/e384bd6a0a70249bd75d11ae8fa69b7c.jpg', 'objeto', '2022-07-17 19:28:27', '2022-07-17 19:28:27'),
(58, 'objetos/fd4bd1e236cf108ef131ba5cd0eba111.jpg', 'objeto', '2022-07-17 19:28:27', '2022-07-17 19:28:27'),
(59, 'objetos/0041d2fdaf170026a4293b670b546427.jpg', 'objeto', '2022-07-17 19:28:27', '2022-07-17 19:28:27'),
(70, 'objetos/45cb5bd698c42da76c07018ff455332d.jpg', 'objeto', '2022-07-17 19:28:31', '2022-07-17 19:28:31'),
(71, 'objetos/f49d3d4ba7a15b4172b45efca03efd8d.jpg', 'objeto', '2022-07-17 19:28:31', '2022-07-17 19:28:31'),
(72, 'objetos/15d42c9fc3856f11f3193cb7f12f4141.jpg', 'objeto', '2022-07-17 19:28:31', '2022-07-17 19:28:31'),
(76, 'objetos/108bdd3554866f40466e2530892b5f3b.jpg', 'objeto', '2022-07-17 19:28:32', '2022-07-17 19:28:32'),
(77, 'objetos/bce4cbcd7262211613e03ba8329a1df8.jpg', 'objeto', '2022-07-17 19:28:32', '2022-07-17 19:28:32'),
(88, 'objetos/520132b4c45911674fcadac782f0c634.jpg', 'objeto', '2022-07-17 19:28:35', '2022-07-17 19:28:35'),
(89, 'objetos/0ae3497480f1aab9747276618a876ab1.jpg', 'objeto', '2022-07-17 19:28:35', '2022-07-17 19:28:35'),
(90, 'objetos/0f1895d76c64d1b42368bf2558a91463.jpg', 'objeto', '2022-07-17 19:28:35', '2022-07-17 19:28:35'),
(94, 'objetos/166257f489211d685b1c3f01f047dabb.jpg', 'objeto', '2022-07-17 19:28:37', '2022-07-17 19:28:37'),
(95, 'objetos/5a182aae0f1ea4ae9d211648fb82d82e.jpg', 'objeto', '2022-07-17 19:28:37', '2022-07-17 19:28:37'),
(97, 'objetos/865c4f8a1ad16add34148add18b6e621.jpg', 'objeto', '2022-07-17 19:28:37', '2022-07-17 19:28:37'),
(98, 'objetos/7b890361caba33c426e780fc21d75d07.jpg', 'objeto', '2022-07-17 19:28:37', '2022-07-17 19:28:37'),
(99, 'objetos/5dba7a03132c020f80ecc1e1988f43ed.jpg', 'objeto', '2022-07-17 19:28:38', '2022-07-17 19:28:38'),
(100, 'objetos/90be193a812f95d7059fb9ce73e9915e.jpg', 'objeto', '2022-07-17 19:28:38', '2022-07-17 19:28:38'),
(101, 'objetos/5b07af35a9cc05bd4d7521725dc7616f.jpg', 'objeto', '2022-07-17 19:28:39', '2022-07-17 19:28:39'),
(102, 'objetos/4e60ab81d8c7e2b1cbe12cfe5e697d03.jpg', 'objeto', '2022-07-17 19:28:39', '2022-07-17 19:28:39'),
(103, 'objetos/0d83da6c5d61aa1dceeebbe6b1cc8a4d.jpg', 'objeto', '2022-07-17 19:28:39', '2022-07-17 19:28:39'),
(104, 'objetos/0473a503ac815d3ea0576257581cda67.jpg', 'objeto', '2022-07-17 19:28:39', '2022-07-17 19:28:39'),
(105, 'objetos/a211804015630aeed5639dac4f084bda.jpg', 'objeto', '2022-07-17 19:28:39', '2022-07-17 19:28:39'),
(106, 'objetos/8f7c8c65ccf0eff29b238123b5183331.jpg', 'objeto', '2022-07-17 19:28:39', '2022-07-17 19:28:39'),
(118, 'objetos/216a3b340b1d64a1bc898a2282e6e02f.jpg', 'objeto', '2022-07-17 19:28:43', '2022-07-17 19:28:43'),
(119, 'objetos/858de903542529c50dcba070f121ef93.jpg', 'objeto', '2022-07-17 19:28:43', '2022-07-17 19:28:43'),
(120, 'objetos/8a27789f2c362283fb07978443f60e44.jpg', 'objeto', '2022-07-17 19:28:43', '2022-07-17 19:28:43'),
(128, 'objetos/362e86ddf226cf46d4ecd2af3693a245.jpg', 'objeto', '2022-07-17 19:28:47', '2022-07-17 19:28:47'),
(129, 'objetos/b6cef1acec1fab4f7ccaf0403d08766c.jpg', 'objeto', '2022-07-17 19:28:47', '2022-07-17 19:28:47'),
(130, 'objetos/f8baa001d9785d0727a6d3ea77fec1d4.jpg', 'objeto', '2022-07-17 19:28:47', '2022-07-17 19:28:47'),
(131, 'objetos/85b15ff16c7de00e28e8aacd082735e6.jpg', 'objeto', '2022-07-17 19:28:47', '2022-07-17 19:28:47'),
(132, 'objetos/5e320c80c14142fa2e2a20631b27d838.jpg', 'objeto', '2022-07-17 19:28:47', '2022-07-17 19:28:47'),
(137, 'objetos/ca5b53a83e4df4258f27b9781655ba03.jpg', 'objeto', '2022-07-17 19:28:48', '2022-07-17 19:28:48'),
(138, 'objetos/490c0bb72baff213b297a39a2422e5bc.jpg', 'objeto', '2022-07-17 19:28:49', '2022-07-17 19:28:49'),
(139, 'objetos/c1cd0a7e2afe3dca9d3bd4367be09e2c.jpg', 'objeto', '2022-07-17 19:28:49', '2022-07-17 19:28:49'),
(140, 'objetos/95272113857d093ad412bbbfd30954f6.jpg', 'objeto', '2022-07-17 19:28:49', '2022-07-17 19:28:49'),
(145, 'objetos/104c9a5f76764661fc7524a81c57a859.jpg', 'objeto', '2022-07-17 19:28:51', '2022-07-17 19:28:51'),
(146, 'objetos/58417118add4b5460e91d7b52fd4c05d.jpg', 'objeto', '2022-07-17 19:28:51', '2022-07-17 19:28:51'),
(147, 'objetos/3a6f5347dcef6ca9f17f91b38a512322.jpg', 'objeto', '2022-07-17 19:28:51', '2022-07-17 19:28:51'),
(155, 'objetos/2296ee6e34fd1a887f05161f10a4177b.jpg', 'objeto', '2022-07-17 19:28:53', '2022-07-17 19:28:53'),
(159, 'objetos/358cc0e3e6b364e58eba04eac380b80a.jpg', 'objeto', '2022-07-17 19:28:54', '2022-07-17 19:28:54'),
(160, 'objetos/ca361c80b0c45fe11dbff0f7b698ea6e.jpg', 'objeto', '2022-07-17 19:28:54', '2022-07-17 19:28:54'),
(161, 'objetos/218f972dc79b50a848ffed03677f09b8.jpg', 'objeto', '2022-07-17 19:28:54', '2022-07-17 19:28:54'),
(180, 'objetos/40c764d260acd8585b6aa17b15a4af9a.jpg', 'objeto', '2022-07-17 19:29:01', '2022-07-17 19:29:01'),
(181, 'objetos/467b8e56d1fbd9a3b607c3484392c733.jpg', 'objeto', '2022-07-17 19:29:01', '2022-07-17 19:29:01'),
(182, 'objetos/2e897af1d87f1340acac98d56b7bc422.jpg', 'objeto', '2022-07-17 19:29:01', '2022-07-17 19:29:01'),
(192, 'objetos/cb3f4588b1f76f4495f0221a095728e4.jpg', 'objeto', '2022-07-17 19:29:03', '2022-07-17 19:29:03'),
(207, 'objetos/8224dd957657c10396fecbd11c1aa6ab.jpg', 'objeto', '2022-07-17 19:29:08', '2022-07-17 19:29:08'),
(208, 'objetos/fa3f60de01f5e44499e0bf6568e838ed.jpg', 'objeto', '2022-07-17 19:29:08', '2022-07-17 19:29:08'),
(243, 'users/MHe44pz2rTrThIrz8ILguXrE11oSXbKBYfTxgviP.png', 'user', '2022-10-19 20:15:17', '2023-02-21 17:57:19'),
(246, 'users/icSvaXFi4bcCs7W1gZY5wPR3Hm2qkubyn6seXrCI.jpg', 'user', '2023-02-20 18:31:25', '2023-02-20 18:32:06'),
(247, 'objetos/HGzR8qOJ5gIoGA2bydaoTud47XDgYsyW9tmnzhEY.jpg', 'objeto', '2023-02-20 18:41:48', '2023-02-20 18:41:48'),
(248, 'objetos/5joTs9B4ckhDqSbZAliM8VodlqZFv59Ynm8oxZLc.jpg', 'objeto', '2023-02-20 18:41:48', '2023-02-20 18:41:48'),
(249, 'objetos/tjVRewky5R2KDpahDGEWKLVpDicndmzQ06hHRV3t.jpg', 'objeto', '2023-02-20 18:41:48', '2023-02-20 18:41:48'),
(250, 'objetos/n4IwLSP5DgTtxkl79SVK9VSpuWeN6i37EMpl32a2.png', 'objeto', '2023-02-20 19:44:42', '2023-02-20 19:44:42'),
(251, 'objetos/0lsoQmo1ORgdZE4ZENpxAsoDTlonw2eZ0qO1aYKx.jpg', 'objeto', '2023-02-20 22:23:01', '2023-02-20 22:23:01'),
(252, 'objetos/DzpJYsreFjq8HeWtmJQki682iZSvwp6SSDVqyBra.jpg', 'objeto', '2023-02-20 22:23:01', '2023-02-20 22:23:01'),
(253, 'objetos/y8Eevd0n1q5pQLyCWmuVKz5frKlmE26HnjIoswSh.jpg', 'objeto', '2023-02-21 16:54:44', '2023-02-21 16:54:44'),
(254, 'objetos/2FELg4F9VdEpQTzThJ7gGcsz48Pak2jXEKrtODF0.jpg', 'objeto', '2023-02-21 16:54:44', '2023-02-21 16:54:44'),
(255, 'objetos/aIfEnakZPIB77Fo3HnA6A5APa3CV3t3bt6eKn7MO.jpg', 'objeto', '2023-02-21 17:09:36', '2023-02-21 17:09:36'),
(256, 'objetos/KvUGlmRQbyFCz7O36OfRvs2vCU7xVEMmQnFjXzko.jpg', 'objeto', '2023-02-21 17:09:36', '2023-02-21 17:09:36'),
(257, 'objetos/43VhfhbokQYpE8lRTeMjLfBZqVx0iNZEYT2FKqbD.jpg', 'objeto', '2023-02-21 17:09:36', '2023-02-21 17:09:36'),
(258, 'objetos/32XNiQ5yKZkZ71cM4vuFhcdZhZdx7x7zzkwTKIL3.jpg', 'objeto', '2023-02-21 18:19:23', '2023-02-21 18:19:23'),
(259, 'objetos/W0okd5zkEm9fX5KhHL4onIZTVAIYjy5YxoWMTreP.jpg', 'objeto', '2023-02-21 18:24:22', '2023-02-21 18:24:22'),
(260, 'objetos/ddU86fUta6IdKDehFugb42LdGKLoP9TG5DtCwruq.jpg', 'objeto', '2023-02-21 18:24:22', '2023-02-21 18:24:22'),
(261, 'objetos/Ac0Y85zsH7m8cYVjafukOwIgHrdcBMc3Bd7pTbAV.jpg', 'objeto', '2023-02-21 18:46:44', '2023-02-21 18:46:44'),
(262, 'objetos/aBHXxkMmlNXXICZjw4XpgsOgsfbEQaZTxLLryHzV.jpg', 'objeto', '2023-02-21 18:46:44', '2023-02-21 18:46:44'),
(263, 'objetos/NnosQfAlG6hQlW5TiloUEGPdfSzbtc87qRykAIa7.jpg', 'objeto', '2023-02-21 18:46:44', '2023-02-21 18:46:44'),
(264, 'objetos/bqHZUGVLjOcKui3XKaUcEFwsI5mBgPafADXhywgE.jpg', 'objeto', '2023-02-21 18:56:01', '2023-02-21 18:56:01'),
(265, 'objetos/SHGSsr9ztHjXqRYbbPxyzw9JGIbS5J32rt1KooEI.jpg', 'objeto', '2023-02-21 18:56:01', '2023-02-21 18:56:01'),
(266, 'objetos/fjAtFw9mFOKMIGGh1K0q1c2XFITTYNnfMdjyK5hA.jpg', 'objeto', '2023-02-21 19:08:31', '2023-02-21 19:08:31'),
(267, 'objetos/ybWRJWYf0uTgSEO1L5NyzX0POzgEF5k2EuBFQQhq.jpg', 'objeto', '2023-02-21 19:08:31', '2023-02-21 19:08:31'),
(268, 'objetos/w4GKwji0pdxhdGUJQ7uFj48wTul8fQyHA969OZCe.jpg', 'objeto', '2023-02-21 19:14:21', '2023-02-21 19:14:21'),
(269, 'objetos/NPodY6lFQ00ZWPzsAvzxgu2cr9pJIzKQ5Mgx06dU.jpg', 'objeto', '2023-02-21 19:14:21', '2023-02-21 19:14:21'),
(270, 'objetos/ITlC7zM1o3Sc4fKGYLlouFvdK8STAHtmIA7qefI2.jpg', 'objeto', '2023-02-21 19:23:08', '2023-02-21 19:23:08'),
(271, 'objetos/5STwyjffPisevnqGUE6vKJM0FwsLPMK2Gbf5Za73.jpg', 'objeto', '2023-02-21 19:23:08', '2023-02-21 19:23:08'),
(272, 'objetos/h1tafrWX4vhReWc42KvE4qkN3TFA1DUsBOjxGeBT.jpg', 'objeto', '2023-02-21 19:31:55', '2023-02-21 19:31:55'),
(273, 'objetos/inURLHNaYC6gWOFQTypkMEfdr9c56klPHG8YT6Zh.jpg', 'objeto', '2023-04-01 09:23:44', '2023-04-01 09:23:44'),
(274, 'objetos/0tv4zyFP4NRIvqDb4hZwCtHWcqflB0IPMws2vgnz.jpg', 'objeto', '2023-04-01 09:29:43', '2023-04-01 09:29:43'),
(275, 'objetos/Rtyv1aM52uEqnhZm0BG7ScY33mpOjGuGaeF0MNFI.jpg', 'objeto', '2023-04-01 09:29:43', '2023-04-01 09:29:43'),
(276, 'objetos/EiraoY78KqANYeINfamUiyTU63ZltGV1xC0bdRe1.jpg', 'objeto', '2023-04-01 09:40:33', '2023-04-01 09:40:33'),
(277, 'objetos/iM12aNU1oYtg24yURdIuONFF5BfnE2joxx0YG3fP.jpg', 'objeto', '2023-04-01 09:40:33', '2023-04-01 09:40:33'),
(278, 'objetos/TYXO7cH5vjZDjXjCRiITrLJQ3aRCU73IY1W40Y6S.jpg', 'objeto', '2023-04-01 09:48:39', '2023-04-01 09:48:39'),
(279, 'objetos/MVkHlYPSfqAA8fRDBmjTcD2nNzbPovdbVM33ywfv.jpg', 'objeto', '2023-04-01 11:40:20', '2023-04-01 11:40:20'),
(280, 'objetos/mF5jynhS1xeuUOtSd46iWWggdgdLnTLPqLFlZoJn.jpg', 'objeto', '2023-04-01 11:46:54', '2023-04-01 11:46:54'),
(281, 'objetos/014iV6bhcu6eQnWq9QC4JohZHiC1c97nCpeVscKS.jpg', 'objeto', '2023-04-01 11:54:55', '2023-04-01 11:54:55'),
(282, 'objetos/38mmMbiiPqnyfGUYl2uoWZBH1SwjHbjAmOUQD8si.jpg', 'objeto', '2023-04-01 11:59:47', '2023-04-01 11:59:47'),
(283, 'objetos/l2169YQJEB4S0VqNxqh3LVI8htFBR0y5Kqm67AZA.jpg', 'objeto', '2023-04-01 12:30:51', '2023-04-01 12:30:51'),
(284, 'objetos/FoeaLMdPqMao596P1rB5HA4wWcJxkUiQ81jMqZj8.jpg', 'objeto', '2023-04-01 12:36:06', '2023-04-01 12:36:06'),
(285, 'objetos/85HybXycW5Zofcb6KEPAELDZwRWB92PZPfVZ6Rc2.jpg', 'objeto', '2023-04-01 12:39:33', '2023-04-01 12:39:33'),
(286, 'objetos/flaC8WAtP84Jwow4Giohk4eHDnXVISQNkitMnMiM.jpg', 'objeto', '2023-04-01 12:44:53', '2023-04-01 12:44:53'),
(287, 'objetos/PWGzuYQyrHSNb50xjFv01tXs2OYv0Fr98RCn8E5u.jpg', 'objeto', '2023-04-01 12:44:53', '2023-04-01 12:44:53'),
(288, 'objetos/NkbRx3mnBCqh27nwzLSzyoTMnvL3H9084ogOJc8r.jpg', 'objeto', '2023-04-01 12:50:56', '2023-04-01 12:50:56'),
(289, 'objetos/zOwj9JvgoFvCGt1PMXtMhkzkHgTjYEXyTxPfcEbI.jpg', 'objeto', '2023-04-01 12:55:05', '2023-04-01 12:55:05'),
(290, 'objetos/AcSfhMlKkBP06KvQIn18ON0HJdjfMUp4lm1lHx0w.jpg', 'objeto', '2023-04-01 12:55:05', '2023-04-01 12:55:05'),
(291, 'objetos/j2xlHujkRveay0MOphesmIthNPuAqhuCGuU7Pve6.jpg', 'objeto', '2023-04-01 13:02:44', '2023-04-01 13:02:44'),
(292, 'objetos/SYg4jTGE4vEVtc8ld6fU8gBMCRgLHqQUo9r5JOn2.jpg', 'objeto', '2023-04-01 13:07:04', '2023-04-01 13:07:04'),
(293, 'objetos/DrYgwkIpwlbGnLiVPeO9xvxTRwxqK26F06QcvOc2.jpg', 'objeto', '2023-04-01 13:13:35', '2023-04-01 13:13:35');

INSERT INTO `image_users` (`id`, `created_at`, `updated_at`) VALUES
(1, '2022-07-17 19:28:12', '2022-07-17 19:28:12'),
(2, '2022-07-17 19:28:12', '2022-07-17 19:28:12'),
(3, '2022-07-17 19:28:12', '2022-07-17 19:28:12'),
(4, '2022-07-17 19:28:12', '2022-07-17 19:28:12'),
(5, '2022-07-17 19:28:12', '2022-07-17 19:28:12'),
(6, '2022-07-17 19:28:12', '2022-07-17 19:28:12'),
(7, '2022-07-17 19:28:12', '2022-07-17 19:28:12'),
(8, '2022-07-17 19:28:12', '2022-07-17 19:28:12'),
(9, '2022-07-17 19:28:12', '2022-07-17 19:28:12'),
(10, '2022-07-17 19:28:12', '2022-07-17 19:28:12'),
(243, '2022-10-19 20:15:17', '2022-10-19 20:15:17'),
(246, '2023-02-20 18:31:25', '2023-02-20 18:31:25');

INSERT INTO `users` (`id`, `nombre`, `apellidos`, `nombre_usuario`, `fecha_nac`, `telefono`, `email`, `email_verified_at`, `password`, `image_user_id`, `remember_token`, `created_at`, `updated_at`, `bloqueado`) VALUES
(1, 'Johathan', 'Heidenreich Ziemann', 'occaecati', '1987-07-07', 648091445, 'joha.98@gmail.com', '2022-07-17 19:28:12', '$2y$10$92IXUNpkjO0rOQ5byMi.Ye4oKoEa3Ro9llC/.og/at2.uheWG/igi', 1, '9vWaj0PATofdvd0wfmv1ucQ0Ex4tJVvr3SQ5GfcQr1YmgGg0Zk9D1UR8MFu5', '2022-07-17 19:28:12', '2023-04-02 06:45:46', 0),
(2, 'Dr. Aidan Greenholt PhD', 'Ondricka', 'explicabo', '1997-11-26', 9048, 'tarmstrong@example.net', '2022-07-17 19:28:12', '$2y$10$92IXUNpkjO0rOQ5byMi.Ye4oKoEa3Ro9llC/.og/at2.uheWG/igi', 2, 's8zsfN6ndZyVvun8eES2JoPhMLBAjQ8vjKYk9aMhJMWFn74tPzjVcaJD6j1H', '2022-07-17 19:28:12', '2022-12-02 19:53:57', 1),
(3, 'Dolores', 'Hahn', 'Lola', '2001-04-29', 519968040, 'yschultz@example.com', '2022-07-17 19:28:12', '$2y$10$f2AKKIwJchm4Rbv3zoDeL.Oh0r4Vs7c5Y1Gfb14yCwMLYWFiUPg6e', 3, 'BmaxNPkGjJPdAtIlpR6dc6iUTaHlZUtmM2E2aPKXFtmfwMyAZ2k2qCVL7W9H', '2022-07-17 19:28:12', '2023-02-21 17:31:28', 0),
(4, 'Leopold Kris I', 'Pollich', 'debitis', '1993-09-10', 2, 'jensen.bergnaum@example.org', '2022-07-17 19:28:12', '$2y$10$92IXUNpkjO0rOQ5byMi.Ye4oKoEa3Ro9llC/.og/at2.uheWG/igi', 4, 'gbId68v5fXpk4ItMwMwpvgchbBCW4SG4cnStJRPTQGKR0py4r41PORjKCRiM', '2022-07-17 19:28:12', '2022-10-20 13:54:21', 1),
(5, 'Felicity Lueilwitz Jr.', 'Goyette', 'eius', '1992-06-24', 73530604, 'celia.gaylord@example.net', '2022-07-17 19:28:12', '$2y$10$92IXUNpkjO0rOQ5byMi.Ye4oKoEa3Ro9llC/.og/at2.uheWG/igi', 5, 'vjMQNFwiek01b4Hv8VltL2WAYE1nl6fjGWPMS3XsNHi9NHgXEUXB7f0bhy2y', '2022-07-17 19:28:12', '2022-07-17 19:28:12', 0),
(6, 'Antonio', 'García', 'Anto', '2000-11-28', 1896004, 'mnader@example.org', '2022-07-17 19:28:12', '$2y$10$92IXUNpkjO0rOQ5byMi.Ye4oKoEa3Ro9llC/.og/at2.uheWG/igi', 6, '9b5VnV3KvZwCtqtMIUeTCK7Jw0bEyHnW3OTlMP9WGzrG0PucPf9bwu6BTL4o', '2022-07-17 19:28:12', '2023-02-21 17:38:25', 0),
(7, 'Carlos', 'Emard', 'Charles', '2004-06-17', 122535, 'calista41@example.net', '2022-07-17 19:28:12', '$2y$10$92IXUNpkjO0rOQ5byMi.Ye4oKoEa3Ro9llC/.og/at2.uheWG/igi', 7, 'p9SUc509OhqLCPrFF8c3fliNnTeRUUGP4xw2ZAjJYW5zEkCvfhnJG8xEBCYx', '2022-07-17 19:28:12', '2023-02-21 17:42:36', 0),
(8, 'Jairo', 'Marvin', 'Marvin', '1999-02-16', 36530364, 'orn.hollie@example.net', '2022-07-17 19:28:12', '$2y$10$92IXUNpkjO0rOQ5byMi.Ye4oKoEa3Ro9llC/.og/at2.uheWG/igi', 8, '7KIODIfKeBBEHlp5iUnim1Q4dmsNK0VMl1XRFZiFEwiAomM9tkUcE19TewMq', '2022-07-17 19:28:12', '2023-02-21 17:44:45', 0),
(9, 'Nicolás', 'Johnston', 'Niko', '1993-07-03', 67253, 'zion.jakubowski@example.com', '2022-07-17 19:28:12', '$2y$10$92IXUNpkjO0rOQ5byMi.Ye4oKoEa3Ro9llC/.og/at2.uheWG/igi', 9, 'HqppdRLUKlVKCPPnBqArQs6LCekAhLPl0w92RRousBdOnXone27zuvAiZelK', '2022-07-17 19:28:12', '2023-02-21 17:51:11', 0),
(10, 'Elsa', 'Wilkinson', 'Elsita', '1998-07-07', 58734, 'gorczany.carli@example.org', '2022-07-17 19:28:12', '$2y$10$92IXUNpkjO0rOQ5byMi.Ye4oKoEa3Ro9llC/.og/at2.uheWG/igi', 10, 'fGbx1KRbSSB85i5rHJonCAjhU02OPhefbqG7zxUwT1N0zn0S4jFv4xLxSdYI', '2022-07-17 19:28:12', '2023-02-21 17:54:08', 0),
(14, 'Nabil', 'Ali', 'nobol', '2022-07-28', NULL, 'nobolaa@gmail.com', NULL, '$2y$10$BhlxWvNUzDi7Ek4Wnp12FuGS.eFH0/4OYCXPwg8vCpUZAO4FRtq3G', NULL, NULL, '2022-07-28 16:32:49', '2022-08-28 13:02:16', 0),
(19, 'Alba', 'Moreno Peinado', 'albamore', '1997-07-19', 666666666, 'moreno.alba.97@gmail.com', NULL, '$2y$10$Om4QtTFIJ0uwn6r/SU0nLOJ.jF4O7QgEmDb.NlTgE8rGf5frwLoJK', 243, NULL, '2022-10-19 20:15:17', '2022-10-19 20:15:17', 0),
(21, 'Paula', 'Sánchez', 'Paula_safe', '1997-05-26', 643458487, 'paula.safe@gmail.com', NULL, '$2y$10$8voKP2YhCc8qwn8cvWjzjexAzRIgOxV5Clg3ZUpBSZjZwljQwXNg.', 246, NULL, '2023-02-20 18:22:49', '2023-02-20 18:31:25', 0);

INSERT INTO `model_has_roles` (`role_id`, `model_type`, `model_id`) VALUES
(7, 'App\\Models\\User', 19),
(8, 'App\\Models\\User', 14),
(9, 'App\\Models\\User', 1),
(9, 'App\\Models\\User', 2),
(9, 'App\\Models\\User', 3),
(9, 'App\\Models\\User', 4),
(9, 'App\\Models\\User', 6);

INSERT INTO `categorias` (`id`, `nombre`, `created_at`, `updated_at`) VALUES
(1, 'animal', NULL, NULL),
(2, 'cartera', NULL, NULL),
(3, 'ropa', NULL, NULL),
(4, 'llaves', NULL, NULL),
(5, 'teléfono', NULL, NULL);

INSERT INTO `colors` (`id`, `nombre`, `hex_code`, `created_at`, `updated_at`) VALUES
(1, 'azul', '#33E0FF', NULL, NULL),
(2, 'rosa', '#F7A0DF', NULL, NULL),
(3, 'naranja', '#F7C6A0', NULL, NULL),
(4, 'rojo', '#F43333', NULL, NULL),
(5, 'morado', '#A877F8', NULL, NULL),
(6, 'blanco', '#FFFFFF', NULL, NULL),
(7, 'negro', '#000000', NULL, NULL),
(8, 'verde', '#ABDA6F', NULL, NULL),
(9, 'amarillo', '#FFEF86', NULL, NULL),
(10, 'marrón', '#938059', NULL, NULL),
(11, 'gris', '#808080', NULL, NULL);

INSERT INTO `objetos` (`id`, `titulo`, `descripcion`, `lugar`, `visibilidad`, `tamanio`, `tipo`, `created_at`, `updated_at`, `categoria_id`, `color_id`, `latitud`, `longitud`) VALUES
(1, 'Llaves de Casa', 'Mi madre y yo hemos encontrado estas llaves de casa con un llavero de elefante de la suerte mientras paseábamos. Supongo que el dueño vivirá cerca de donde las hemos encontrado.', 'Calle Tigre, Albolote (Granada)', 1, 'pequenio', 'encontrado', '2023-03-26 18:35:23', '2023-03-26 18:35:23', 4, 9, '37.23050110', '-3.65941270'),
(3, 'Pendientes Plateados', 'Se buscan estos pendientes de bisutería plateados. Los perdí de fiesta el pasado fin de semana. Son mis favoritos.', 'Calle Pedro Antonio de Alarcón', 1, 'pequenio', 'buscado', '2023-02-21 19:02:32', '2023-02-21 19:02:32', 3, 7, '0.00000000', '0.00000000'),
(6, 'Cargador Móvil Tipo C', 'Se ha encontrado un cargador de teléfono móvil Android tipo C, esta mañana en la biblioteca de la ETSIIT.', 'C. Periodista Daniel Saucedo', 1, 'pequenio', 'encontrado', '2023-02-21 19:03:43', '2023-02-21 19:03:43', 5, 6, '0.00000000', '0.00000000'),
(7, 'Bolso Cruzado', 'Vi mi bolso por última vez en la cafetería Bella Dama de Granada. Es de Primark y tiene el asa larga para poder cruzarse. Dentro llevo mi DNI.', 'C. Pintor López Mezquita, Granada', 1, 'mediano', 'buscado', '2023-02-21 19:14:21', '2023-02-21 19:14:21', 2, 8, '0.00000000', '0.00000000'),
(8, 'quis', 'Consequatur et voluptas dolor. Unde incidunt rerum repellat reiciendis velit sed cumque. Inventore a nemo assumenda non. Dolore id pariatur incidunt aut eius.', '9861 Cronin Spring', 0, 'pequenio', 'encontrado', '2022-07-17 19:28:13', '2022-07-17 19:28:13', 2, 8, '0.00000000', '0.00000000'),
(9, 'saepe', 'Enim consequatur magni quia aut earum vitae. Illum vel itaque occaecati. Maxime culpa excepturi eos sint illum omnis et. Neque veritatis fuga sed non ea velit tempore et.', '2362 West Grove', 0, 'grande', 'buscado', '2022-07-17 19:28:13', '2022-07-17 19:28:13', 1, 4, '0.00000000', '0.00000000'),
(10, 'Pendientes largos', 'Pendientes largos encontrados anoche de fiesta en la Mae West. Casualmente pudimos recuperar los dos', 'Arabial, Granada, España', 1, 'pequenio', 'encontrado', '2023-04-01 12:36:06', '2023-04-01 12:36:06', 3, 8, '37.17331230', '-3.60933200'),
(11, 'qui', 'Natus doloribus dolore sed consequatur velit iure id doloremque. Vel voluptas quisquam consequatur voluptatem quos mollitia. Consequatur a ratione molestiae in omnis. Suscipit aut exercitationem consequatur eum ipsum voluptas exercitationem commodi.', '85160 Marques Falls', 0, 'mediano', 'encontrado', '2022-07-17 19:28:13', '2022-07-17 19:28:13', NULL, NULL, '0.00000000', '0.00000000'),
(13, 'Chaqueta cuero', 'Chaqueta de cuero beige encontrada ayer en la cafetería Bella Dama. Es una talla pequeña', 'Calle Pintor López Mezquita', 1, 'mediano', 'encontrado', '2023-04-01 12:39:33', '2023-04-01 12:39:33', 3, 6, '37.17691350', '-3.60764550'),
(17, 'quia', 'Quo et error molestiae animi deserunt rerum. Dicta aut tempora quia laudantium amet vel eum. Ea culpa quae id animi suscipit nesciunt blanditiis aut.', '89505 Estevan Ranch Suite 439', 0, 'pequenio', 'encontrado', '2022-07-17 19:28:13', '2022-07-17 19:28:13', NULL, NULL, '0.00000000', '0.00000000'),
(22, 'Bolso Bimba y Lola', 'Bolso gris mediano de la marca Bimba y Lola. Tiene dentro unas gas de sol y unas llaves. Fue encontrado en el Burger King de Alcampo.', 'Avenida de Juan Pablo II, Granada', 1, 'mediano', 'encontrado', '2023-04-01 12:44:53', '2023-04-01 12:44:53', 2, 11, '37.20118160', '-3.61451550'),
(23, 'reiciendis', 'Quidem fugiat distinctio sint dignissimos facilis suscipit. Doloribus magni occaecati officia et beatae quis aut. Voluptatum eos similique placeat labore est voluptates.', '3812 Vickie Loaf Suite 798', 0, 'mediano', 'encontrado', '2022-07-17 19:28:13', '2022-07-17 19:28:13', NULL, NULL, '0.00000000', '0.00000000'),
(25, 'Chaquetón rojo', 'He perdido mi chaquetón rojo, la última vez que lo vi lo llevaba puesto por la calle indicada de Maracena. Es de la marca desigual y está nuevo.', 'Calle Lope de Vega, Maracena', 1, 'mediano', 'buscado', '2023-02-21 19:04:07', '2023-02-21 19:04:07', 3, 4, '0.00000000', '0.00000000'),
(27, 'quod', 'Sit sint voluptatem tenetur iure sed ut voluptatem. Quaerat autem fugit velit quia quis consequatur. Sit doloribus et repellendus vel quas sunt. Debitis nulla corrupti et molestias est architecto.', '9507 Cole Fords', 0, 'pequenio', 'encontrado', '2022-07-17 19:28:13', '2022-07-17 19:28:13', NULL, NULL, '0.00000000', '0.00000000'),
(30, 'Colgante de Plata', 'Perdí mi colgante favorito hace dos días. Estuve de compras por la calle Recogidas. Tiene mucho valor sentimental', 'C. Recogidas (Granada)', 1, 'pequenio', 'buscado', '2023-02-21 19:23:40', '2023-02-21 19:23:40', 3, 11, '0.00000000', '0.00000000'),
(31, 'Cargador de Portátil', 'Busco de forma urgente el cargador de mi ordenador. Se corresponde con un Lenovo. Visto última vez en la Facultad de Ciencias.', 'Av. de Fuente Nueva, Granada', 1, 'mediano', 'buscado', '2023-02-21 19:31:55', '2023-02-21 19:31:55', 5, 7, '0.00000000', '0.00000000'),
(33, 'qui', 'Nam impedit ducimus qui voluptatum aut. Beatae consequatur expedita est in. Ut sed omnis perferendis corporis laudantium consequatur minima. Ea quis laudantium delectus commodi soluta placeat laborum.', '535 Kemmer Walks Suite 765', 0, 'grande', 'buscado', '2022-07-17 19:28:13', '2022-07-17 19:28:13', NULL, NULL, '0.00000000', '0.00000000'),
(34, 'Funda móvil margaritas', 'He perdido mi funda de móvil hoy en la plaza de Motril. La que quitado un momento para hacer una foto y después ya no estaba.', 'Plaza España, Motril, Granada', 1, 'pequenio', 'buscado', '2023-04-01 11:41:10', '2023-04-01 11:41:10', 5, 7, '36.74504280', '-3.52064070'),
(36, 'sit', 'Fugit autem dolores magnam. Veniam mollitia ut placeat consequatur omnis exercitationem et. Incidunt eos eos pariatur ipsam voluptatem laudantium sint. Ipsam aut neque suscipit quis nihil.', '34246 Bayer Brooks Apt. 137', 0, 'pequenio', 'buscado', '2022-07-17 19:28:13', '2022-07-17 19:28:13', NULL, NULL, '0.00000000', '0.00000000'),
(37, 'Juego de llaves', 'Juago de llaves con llavero plateado que parece la mitad de otro. Se encontraron tiradas cerca de la heladería Los Italianos.', 'Calle Gran Vía de Colón, Granada', 1, 'pequenio', 'encontrado', '2023-04-01 12:50:56', '2023-04-01 12:50:56', 4, 11, '37.17955750', '-3.59959720'),
(38, 'Pizarra infantil', 'Al salir del parque con mis hijos hemos encontrado  una pizarra de imán infantil en la puerta. Es de Mario y Luigi.', 'Calle Parque la Nava, La Adrada, España', 0, 'mediano', 'encontrado', '2023-04-01 09:48:39', '2023-04-01 09:48:39', 5, 4, '40.30311510', '-4.63405460'),
(39, 'Sombrero de playa', 'Hemos encontrado este sombre ro en el Chiringuito El Espeto de Motril.', 'Playa Pte., Motril, España', 1, 'pequenio', 'encontrado', '2023-04-01 12:55:05', '2023-04-01 12:55:05', 3, 10, '36.72016380', '-3.54482050'),
(42, 'et', 'Ipsam fuga fugiat et expedita natus dolorum. Porro quae porro sint repellendus modi cumque. Voluptates omnis in aperiam quod quaerat.', '6645 Volkman Route Suite 965', 0, 'grande', 'encontrado', '2022-07-17 19:28:13', '2022-07-17 19:28:13', NULL, NULL, '0.00000000', '0.00000000'),
(44, 'aut', 'Rem sed repudiandae aut nostrum molestiae nam dolores. Amet nesciunt laboriosam voluptatem eveniet non ut. Necessitatibus quos vel deserunt quam in accusamus nesciunt. Ipsa enim sequi harum distinctio.', '1002 Schaefer Center Suite 455', 0, 'mediano', 'encontrado', '2022-07-17 19:28:13', '2022-07-17 19:28:13', NULL, NULL, '0.00000000', '0.00000000'),
(45, 'Móvil Huawei', 'Móvil Huawei G8 de color blanco con funda de hojas. Encontrado en el Zaidín.', 'Plaza Nuevo Zaidin, Granada', 1, 'pequenio', 'encontrado', '2023-04-01 13:02:44', '2023-04-01 13:02:44', 5, 6, '37.15670480', '-3.59871370'),
(46, 'a', 'Voluptas quam quisquam nihil quo enim aut qui. Sunt qui aut ipsam eos cum esse maxime voluptatem. Et vitae magni odit natus rerum fugiat ut. Fugiat consequatur rerum aliquid voluptate dolore quasi quis. Quidem rerum qui labore.', '423 Raynor Mews', 0, 'grande', 'buscado', '2022-07-17 19:28:13', '2022-07-17 19:28:13', NULL, NULL, '0.00000000', '0.00000000'),
(47, 'fugiat', 'Ipsam dolorum dolor id velit laborum. Magni velit nihil repellendus tenetur laborum. Aut eligendi quo eligendi amet. Quis dolor voluptatibus facilis veritatis dolores.', '72834 Bernhard Wall Apt. 575', 0, 'pequenio', 'buscado', '2022-07-17 19:28:13', '2022-07-17 19:28:13', NULL, NULL, '0.00000000', '0.00000000'),
(48, 'porro', 'Ea beatae excepturi ea optio rerum quaerat. Ut eum et est ut nihil. Autem impedit et ullam voluptates quis. Aspernatur dolores eum et.', '380 Waters Ways', 0, 'pequenio', 'buscado', '2022-07-17 19:28:13', '2022-07-17 19:28:13', NULL, NULL, '0.00000000', '0.00000000'),
(49, 'aut', 'Sunt repellendus consequatur consequuntur maiores. Ipsam corrupti temporibus qui molestiae voluptatem incidunt omnis. Facilis velit nisi ut qui rerum non dolorum. Quis vel ipsum amet veniam et tempora iure.', '3450 McGlynn Trail Apt. 420', 0, 'grande', 'encontrado', '2022-07-17 19:28:13', '2022-07-17 19:28:13', NULL, NULL, '0.00000000', '0.00000000'),
(50, 'Cachorro perdido', 'Perdí a mi cachorro ayer por la tarde de camino al veterinario. Salió corriendo detrás de otro perro por Camino de Ronda. Responde al nombre de Becky, es muy cariñosa y es un cruce de Bretón.', 'Camino de Ronda, Granada, España', 0, 'pequenio', 'buscado', '2023-04-01 09:40:33', '2023-04-01 09:40:33', 1, 10, '37.17555060', '-3.60898240'),
(51, 'Botella Bambi', 'Esta maña fui al gimnasio a las 6 y creo que perdí mi botella por el camino.', 'Av. Federico García Lorca', 1, 'pequenio', 'buscado', '2023-04-01 11:47:22', '2023-04-01 11:47:22', 3, 1, '37.20097270', '-3.61813710'),
(53, 'Pinza Mariposa', 'Pinza perdida en la piscina de Maracena. Tiene mucho valor sentimental ya que me la dio mi abuela.', 'Av. José Comino, Maracena', 1, 'pequenio', 'buscado', '2023-04-01 11:59:47', '2023-04-01 11:59:47', 3, 9, '37.21058650', '-3.62806850'),
(55, 'aut', 'Non non dolores sit impedit consequatur et. Dolor autem excepturi quas consequatur dolorem enim maiores. Et culpa repellat porro explicabo. Odio sint non ab impedit tempore aut. Commodi laborum omnis illum atque.', '271 Macejkovic Wells Apt. 719', 0, 'mediano', 'buscado', '2022-07-17 19:28:13', '2022-07-17 19:28:13', NULL, NULL, '0.00000000', '0.00000000'),
(56, 'Collares de gato', 'He encontrado estos dos collares de gato metidos en una bolsa cerca de la tienda Marinadog. Parecen collares de gato.', 'Camino de Ronda, Granada', 1, 'grande', 'encontrado', '2023-04-01 13:07:28', '2023-04-01 13:07:28', 3, 1, '37.17555060', '-3.60898240'),
(59, 'aliquam', 'Aut dolor iste eveniet autem sunt. Facere et dolores ut quis quas accusantium. Voluptates incidunt repellat blanditiis molestiae.', '523 Daniel Parkways Apt. 709', 0, 'pequenio', 'buscado', '2022-07-17 19:28:13', '2022-07-17 19:28:13', NULL, NULL, '0.00000000', '0.00000000'),
(60, 'nostrum', 'Enim corrupti consectetur qui voluptatem incidunt. Ipsa accusamus hic vero. Sequi deleniti provident aut quas asperiores inventore. Ratione nobis eius sunt eveniet.', '106 Quitzon Streets', 0, 'pequenio', 'encontrado', '2022-07-17 19:28:13', '2022-07-17 19:28:13', NULL, NULL, '0.00000000', '0.00000000'),
(63, 'Monedero pequeño', 'Cartera perdida esta mañana mientras iba al supermercado. No sé exactamente el punto en el que se me cayó pero la calle por la que pasé es la indicada.', 'Calle Río Beiro, Cúllar Vega', 1, 'pequenio', 'buscado', '2023-04-01 12:30:51', '2023-04-01 12:30:51', 2, 10, '37.15948940', '-3.67394320'),
(65, 'consequuntur', 'A officiis ut eveniet in. Est porro eum tempore voluptatem. Voluptatum aut dolores cupiditate libero veritatis error et. Autem sequi sed rem quae minima dolores ad. Voluptas aut aut illum non molestiae totam excepturi autem.', '47527 Toy Corner', 0, 'mediano', 'buscado', '2022-07-17 19:28:13', '2022-07-17 19:28:13', NULL, NULL, '0.00000000', '0.00000000'),
(66, 'eveniet', 'Voluptates commodi eum aliquam magni ipsam. Sed eaque maiores non vel optio.', '136 Farrell Plains', 0, 'mediano', 'buscado', '2022-07-17 19:28:13', '2022-07-17 19:28:13', NULL, NULL, '0.00000000', '0.00000000'),
(69, 'aut', 'Voluptatum aut rerum iusto eveniet ipsa dolore error. Neque et saepe esse neque ipsum quis. Voluptatem impedit qui illo laborum quaerat totam. Cum dolore cum officia et aut.', '55210 Eusebio Alley', 0, 'pequenio', 'encontrado', '2022-07-17 19:28:13', '2022-07-17 19:28:13', NULL, NULL, '0.00000000', '0.00000000'),
(73, 'molestiae', 'Qui minima voluptatum vero et perspiciatis consectetur nihil. Ratione ratione nam aperiam necessitatibus nihil voluptatum assumenda. Quia enim molestiae repudiandae facilis.', '347 Cleta Mountains Apt. 657', 0, 'mediano', 'buscado', '2022-07-17 19:28:13', '2022-07-17 19:28:13', NULL, NULL, '0.00000000', '0.00000000'),
(74, 'Gafas graduadas', 'He ido de compras al centro de Granada y creo que se me han caído mis gafas de vista por la calle Mesones. Es muy importante que las recupere para poder ir a clase.', 'Calle Mesones, Granada, España', 1, 'pequenio', 'buscado', '2023-04-01 11:54:55', '2023-04-01 11:54:55', 3, 2, '37.17478980', '-3.60052480'),
(76, 'eligendi', 'Nam deserunt minus molestiae iure. Qui omnis placeat eos molestias hic omnis. Sapiente dignissimos odit rerum eos tempora rerum. Illo sed facere dolor consectetur. Et accusamus nostrum aut id.', '3018 Stehr Alley Suite 612', 0, 'grande', 'buscado', '2022-07-17 19:28:13', '2022-07-17 19:28:13', NULL, NULL, '0.00000000', '0.00000000'),
(78, 'Estuche pequeño', 'He perdido mi estuche en la universidad de psicología de Granada. Creo que la última vez que lo vi fue en la biblioteca. Tengo dentro mi bolígrafo de hacer los exámenes. Si alguien lo encuentra, por favor, que se ponga en contacto conmigo.', 'Campus Universitario Cartuja', 1, 'pequenio', 'buscado', '2023-04-01 11:48:09', '2023-04-01 11:48:09', 2, 6, '37.19295100', '-3.59732680'),
(81, 'Arnés Perro', 'He encontrado este arnés esta mañana mientras paseaba a mi perro por el parque Almunia (zona de columpios)', 'Avenida de Andalucía, Granada', 1, 'pequenio', 'encontrado', '2023-04-01 12:40:16', '2023-04-01 12:40:16', 3, 7, '37.19593670', '-3.63080820'),
(82, 'Libreta mini', 'Mini libreta con anillas moradas. Encontrada cerca del colegio Sagrado Corazón de Granada. No tiene nada escrito.', 'Calle Sta. Bárbara, Granada', 1, 'pequenio', 'encontrado', '2023-04-01 13:13:35', '2023-04-01 13:13:35', 3, 5, '37.18225350', '-3.60451910'),
(86, 'minima', 'Quas quo eum ex cum distinctio quibusdam nisi. Consequatur delectus nihil deleniti sit quasi. Qui dolorem est placeat consequatur. Ipsa quae omnis similique qui corrupti tenetur et fuga.', '711 Brent Spur Apt. 881', 0, 'grande', 'encontrado', '2022-07-17 19:28:13', '2022-07-17 19:28:13', NULL, NULL, '0.00000000', '0.00000000'),
(92, 'dolorum', 'Veritatis rerum velit eveniet voluptates explicabo perferendis necessitatibus. Excepturi quaerat voluptas nisi qui aliquam. Nihil laboriosam modi itaque rerum ducimus odio nesciunt.', '8640 Ebba Ridges', 0, 'grande', 'encontrado', '2022-07-17 19:28:13', '2022-07-17 19:28:13', NULL, NULL, '0.00000000', '0.00000000'),
(93, 'Paraguas Grande', 'Mi hermana ha encontrado este paraguas de camino al colegio en Alfacar. Está nuevo', 'Av. Federico García Lorca, Alfacar', 1, 'grande', 'buscado', '2023-02-21 18:56:01', '2023-02-21 18:56:01', 3, 7, '0.00000000', '0.00000000'),
(97, 'Gato Pardo', 'He encontrado este gato bebé cerca del polideportivo de Armilla. Es muy juguetón y parece muy limpio así que supongo que será de alguien.', 'C. León, Armilla (Granada)', 1, 'pequenio', 'encontrado', '2023-02-21 18:46:44', '2023-02-21 18:46:44', 1, 3, '0.00000000', '0.00000000'),
(98, 'Llaves de Coche', 'Llaves de coche de marca Opel, con un pompón rosa y una cuerda de florecitas. Fueron encontradas en la parada de bus de comedores (Universidad de Ciencias)', 'C. Rector Marín Ocete', 1, 'pequenio', 'encontrado', '2023-02-21 18:51:35', '2023-02-21 18:51:35', 4, 7, '0.00000000', '0.00000000'),
(99, 'quis', 'Ab dolores alias distinctio quod tempore. Impedit quam placeat a sit. Iusto aspernatur explicabo aspernatur. Esse aliquid quae laudantium unde et eveniet culpa. Consequatur cumque molestiae repellendus non animi eveniet.', '33328 Price Shores Apt. 100', 0, 'mediano', 'buscado', '2022-07-17 19:28:13', '2022-07-17 19:28:13', 5, 6, '0.00000000', '0.00000000'),
(100, 'Gafas de Vista', 'Encontradas estas gafas de vista cerca de una academia de inglés en Granada. Parece que tiene una alta graduación.', 'C. Miguel Delibes, La Zubia', 1, 'pequenio', 'buscado', '2023-02-21 19:08:31', '2023-02-21 19:08:31', 3, 4, '0.00000000', '0.00000000'),
(140, 'Gafas de Sol', 'Hemos encontrado estas gafas de sol esta mañana mientras dábamos un paseo por la playa. Parecen un poco deterioradas pero quizás su dueño las esté buscando.', 'Playa de las Azucenas, Motril', 1, 'pequenio', 'encontrado', '2023-02-21 18:51:19', '2023-04-10 07:16:20', 3, 7, '36.74897470', '-3.51803630'),
(141, 'Gata Perdida', 'Responde al nombre de Kira. Es muy cariñosa y confiada con la gente.\r\nSi alguien la ve, por favor póngase en contacto conmigo cuanto antes. \r\nNo sale de casa mucho y me da miedo que le pase algo, ya que es muy casera.', 'C. Calderón, Santa Fe, Granada', 1, 'pequenio', 'buscado', '2023-02-21 18:51:02', '2023-04-02 07:15:45', 1, 10, '37.19085180', '-3.71829760');

INSERT INTO `image_objetos` (`id`, `objeto_id`, `created_at`, `updated_at`) VALUES
(25, 8, '2022-07-17 19:28:18', '2022-07-17 19:28:18'),
(26, 8, '2022-07-17 19:28:18', '2022-07-17 19:28:18'),
(27, 9, '2022-07-17 19:28:19', '2022-07-17 19:28:19'),
(28, 9, '2022-07-17 19:28:19', '2022-07-17 19:28:19'),
(29, 9, '2022-07-17 19:28:19', '2022-07-17 19:28:19'),
(31, 11, '2022-07-17 19:28:19', '2022-07-17 19:28:19'),
(37, 17, '2022-07-17 19:28:22', '2022-07-17 19:28:22'),
(38, 17, '2022-07-17 19:28:22', '2022-07-17 19:28:22'),
(39, 17, '2022-07-17 19:28:22', '2022-07-17 19:28:22'),
(50, 23, '2022-07-17 19:28:25', '2022-07-17 19:28:25'),
(57, 27, '2022-07-17 19:28:27', '2022-07-17 19:28:27'),
(58, 27, '2022-07-17 19:28:27', '2022-07-17 19:28:27'),
(59, 27, '2022-07-17 19:28:27', '2022-07-17 19:28:27'),
(70, 33, '2022-07-17 19:28:31', '2022-07-17 19:28:31'),
(71, 33, '2022-07-17 19:28:31', '2022-07-17 19:28:31'),
(72, 33, '2022-07-17 19:28:31', '2022-07-17 19:28:31'),
(76, 36, '2022-07-17 19:28:32', '2022-07-17 19:28:32'),
(77, 36, '2022-07-17 19:28:32', '2022-07-17 19:28:32'),
(88, 42, '2022-07-17 19:28:35', '2022-07-17 19:28:35'),
(89, 42, '2022-07-17 19:28:35', '2022-07-17 19:28:35'),
(90, 42, '2022-07-17 19:28:35', '2022-07-17 19:28:35'),
(94, 44, '2022-07-17 19:28:37', '2022-07-17 19:28:37'),
(95, 44, '2022-07-17 19:28:37', '2022-07-17 19:28:37'),
(97, 46, '2022-07-17 19:28:37', '2022-07-17 19:28:37'),
(98, 46, '2022-07-17 19:28:37', '2022-07-17 19:28:37'),
(99, 47, '2022-07-17 19:28:38', '2022-07-17 19:28:38'),
(100, 47, '2022-07-17 19:28:38', '2022-07-17 19:28:38'),
(101, 48, '2022-07-17 19:28:39', '2022-07-17 19:28:39'),
(102, 48, '2022-07-17 19:28:39', '2022-07-17 19:28:39'),
(103, 48, '2022-07-17 19:28:39', '2022-07-17 19:28:39'),
(104, 49, '2022-07-17 19:28:39', '2022-07-17 19:28:39'),
(105, 49, '2022-07-17 19:28:39', '2022-07-17 19:28:39'),
(106, 49, '2022-07-17 19:28:39', '2022-07-17 19:28:39'),
(118, 55, '2022-07-17 19:28:43', '2022-07-17 19:28:43'),
(119, 55, '2022-07-17 19:28:43', '2022-07-17 19:28:43'),
(120, 55, '2022-07-17 19:28:43', '2022-07-17 19:28:43'),
(128, 59, '2022-07-17 19:28:47', '2022-07-17 19:28:47'),
(129, 59, '2022-07-17 19:28:47', '2022-07-17 19:28:47'),
(130, 59, '2022-07-17 19:28:47', '2022-07-17 19:28:47'),
(131, 60, '2022-07-17 19:28:47', '2022-07-17 19:28:47'),
(132, 60, '2022-07-17 19:28:47', '2022-07-17 19:28:47'),
(137, 65, '2022-07-17 19:28:48', '2022-07-17 19:28:48'),
(138, 66, '2022-07-17 19:28:49', '2022-07-17 19:28:49'),
(139, 66, '2022-07-17 19:28:49', '2022-07-17 19:28:49'),
(140, 66, '2022-07-17 19:28:49', '2022-07-17 19:28:49'),
(145, 69, '2022-07-17 19:28:51', '2022-07-17 19:28:51'),
(146, 69, '2022-07-17 19:28:51', '2022-07-17 19:28:51'),
(147, 69, '2022-07-17 19:28:51', '2022-07-17 19:28:51'),
(155, 73, '2022-07-17 19:28:53', '2022-07-17 19:28:53'),
(159, 76, '2022-07-17 19:28:54', '2022-07-17 19:28:54'),
(160, 76, '2022-07-17 19:28:54', '2022-07-17 19:28:54'),
(161, 76, '2022-07-17 19:28:54', '2022-07-17 19:28:54'),
(180, 86, '2022-07-17 19:29:01', '2022-07-17 19:29:01'),
(181, 86, '2022-07-17 19:29:01', '2022-07-17 19:29:01'),
(182, 86, '2022-07-17 19:29:01', '2022-07-17 19:29:01'),
(192, 92, '2022-07-17 19:29:03', '2022-07-17 19:29:03'),
(207, 99, '2022-07-17 19:29:08', '2022-07-17 19:29:08'),
(208, 99, '2022-07-17 19:29:08', '2022-07-17 19:29:08'),
(247, 141, '2023-02-20 18:41:48', '2023-02-20 18:41:48'),
(248, 141, '2023-02-20 18:41:48', '2023-02-20 18:41:48'),
(249, 141, '2023-02-20 18:41:48', '2023-02-20 18:41:48'),
(250, 140, '2023-02-20 19:44:42', '2023-02-20 19:44:42'),
(251, 98, '2023-02-20 22:23:01', '2023-02-20 22:23:01'),
(252, 98, '2023-02-20 22:23:01', '2023-02-20 22:23:01'),
(253, 25, '2023-02-21 16:54:44', '2023-02-21 16:54:44'),
(254, 25, '2023-02-21 16:54:44', '2023-02-21 16:54:44'),
(255, 6, '2023-02-21 17:09:36', '2023-02-21 17:09:36'),
(256, 6, '2023-02-21 17:09:36', '2023-02-21 17:09:36'),
(257, 6, '2023-02-21 17:09:36', '2023-02-21 17:09:36'),
(258, 1, '2023-02-21 18:19:23', '2023-02-21 18:19:23'),
(259, 3, '2023-02-21 18:24:22', '2023-02-21 18:24:22'),
(260, 3, '2023-02-21 18:24:22', '2023-02-21 18:24:22'),
(261, 97, '2023-02-21 18:46:44', '2023-02-21 18:46:44'),
(262, 97, '2023-02-21 18:46:44', '2023-02-21 18:46:44'),
(263, 97, '2023-02-21 18:46:44', '2023-02-21 18:46:44'),
(264, 93, '2023-02-21 18:56:01', '2023-02-21 18:56:01'),
(265, 93, '2023-02-21 18:56:01', '2023-02-21 18:56:01'),
(266, 100, '2023-02-21 19:08:31', '2023-02-21 19:08:31'),
(267, 100, '2023-02-21 19:08:31', '2023-02-21 19:08:31'),
(268, 7, '2023-02-21 19:14:21', '2023-02-21 19:14:21'),
(269, 7, '2023-02-21 19:14:21', '2023-02-21 19:14:21'),
(270, 30, '2023-02-21 19:23:08', '2023-02-21 19:23:08'),
(271, 30, '2023-02-21 19:23:08', '2023-02-21 19:23:08'),
(272, 31, '2023-02-21 19:31:55', '2023-02-21 19:31:55'),
(273, 81, '2023-04-01 09:23:44', '2023-04-01 09:23:44'),
(274, 78, '2023-04-01 09:29:43', '2023-04-01 09:29:43'),
(275, 78, '2023-04-01 09:29:43', '2023-04-01 09:29:43'),
(276, 50, '2023-04-01 09:40:33', '2023-04-01 09:40:33'),
(277, 50, '2023-04-01 09:40:33', '2023-04-01 09:40:33'),
(278, 38, '2023-04-01 09:48:39', '2023-04-01 09:48:39'),
(279, 34, '2023-04-01 11:40:20', '2023-04-01 11:40:20'),
(280, 51, '2023-04-01 11:46:54', '2023-04-01 11:46:54'),
(281, 74, '2023-04-01 11:54:55', '2023-04-01 11:54:55'),
(282, 53, '2023-04-01 11:59:47', '2023-04-01 11:59:47'),
(283, 63, '2023-04-01 12:30:51', '2023-04-01 12:30:51'),
(284, 10, '2023-04-01 12:36:06', '2023-04-01 12:36:06'),
(285, 13, '2023-04-01 12:39:33', '2023-04-01 12:39:33'),
(286, 22, '2023-04-01 12:44:53', '2023-04-01 12:44:53'),
(287, 22, '2023-04-01 12:44:53', '2023-04-01 12:44:53'),
(288, 37, '2023-04-01 12:50:56', '2023-04-01 12:50:56'),
(289, 39, '2023-04-01 12:55:05', '2023-04-01 12:55:05'),
(290, 39, '2023-04-01 12:55:05', '2023-04-01 12:55:05'),
(291, 45, '2023-04-01 13:02:44', '2023-04-01 13:02:44'),
(292, 56, '2023-04-01 13:07:04', '2023-04-01 13:07:04'),
(293, 82, '2023-04-01 13:13:35', '2023-04-01 13:13:35');

INSERT INTO `objetos_buscados_busca` (`id`, `created_at`, `updated_at`, `user_id`) VALUES
(3, '2022-07-17 19:28:14', '2022-07-17 19:28:14', 1),
(7, '2022-07-17 19:28:17', '2022-07-17 19:28:17', 4),
(9, '2022-07-17 19:28:18', '2022-07-17 19:28:18', 7),
(25, '2022-07-17 19:28:26', '2022-07-17 19:28:26', 5),
(30, '2022-07-17 19:28:29', '2022-07-17 19:28:29', 6),
(31, '2022-07-17 19:28:29', '2022-07-17 19:28:29', 9),
(33, '2022-07-17 19:28:30', '2022-07-17 19:28:30', 8),
(34, '2022-07-17 19:28:31', '2022-07-17 19:28:31', 4),
(36, '2022-07-17 19:28:32', '2022-07-17 19:28:32', 8),
(46, '2022-07-17 19:28:37', '2022-07-17 19:28:37', 9),
(47, '2022-07-17 19:28:37', '2022-07-17 19:28:37', 4),
(48, '2022-07-17 19:28:38', '2022-07-17 19:28:38', 4),
(50, '2022-07-17 19:28:39', '2022-07-17 19:28:39', 1),
(51, '2022-07-17 19:28:40', '2022-07-17 19:28:40', 2),
(53, '2022-07-17 19:28:41', '2022-07-17 19:28:41', 8),
(55, '2022-07-17 19:28:42', '2022-07-17 19:28:42', 8),
(59, '2022-07-17 19:28:45', '2022-07-17 19:28:45', 9),
(63, '2022-07-17 19:28:48', '2022-07-17 19:28:48', 2),
(65, '2022-07-17 19:28:48', '2022-07-17 19:28:48', 4),
(66, '2022-07-17 19:28:48', '2022-07-17 19:28:48', 4),
(73, '2022-07-17 19:28:53', '2022-07-17 19:28:53', 2),
(74, '2022-07-17 19:28:53', '2022-07-17 19:28:53', 5),
(76, '2022-07-17 19:28:54', '2022-07-17 19:28:54', 3),
(78, '2022-07-17 19:28:55', '2022-07-17 19:28:55', 1),
(93, '2022-07-17 19:29:03', '2022-07-17 19:29:03', 2),
(99, '2022-07-17 19:29:07', '2022-07-17 19:29:07', 10),
(100, '2022-07-17 19:29:08', '2022-07-17 19:29:08', 2),
(141, '2023-02-20 18:41:48', '2023-02-20 18:41:48', 21);

INSERT INTO `objetos_encontrados_encuentra` (`id`, `created_at`, `updated_at`, `user_id`) VALUES
(1, '2022-07-17 19:28:13', '2022-07-17 19:28:13', 4),
(6, '2022-07-17 19:28:16', '2022-07-17 19:28:16', 5),
(8, '2022-07-17 19:28:17', '2022-07-17 19:28:17', 3),
(10, '2022-07-17 19:28:19', '2022-07-17 19:28:19', 4),
(11, '2022-07-17 19:28:19', '2022-07-17 19:28:19', 2),
(13, '2022-07-17 19:28:19', '2022-07-17 19:28:19', 8),
(17, '2022-07-17 19:28:21', '2022-07-17 19:28:21', 4),
(22, '2022-07-17 19:28:24', '2022-07-17 19:28:24', 4),
(23, '2022-07-17 19:28:25', '2022-07-17 19:28:25', 4),
(27, '2022-07-17 19:28:26', '2022-07-17 19:28:26', 8),
(37, '2022-07-17 19:28:32', '2022-07-17 19:28:32', 4),
(38, '2022-07-17 19:28:33', '2022-07-17 19:28:33', 1),
(39, '2022-07-17 19:28:33', '2022-07-17 19:28:33', 2),
(42, '2022-07-17 19:28:35', '2022-07-17 19:28:35', 2),
(44, '2022-07-17 19:28:36', '2022-07-17 19:28:36', 5),
(45, '2022-07-17 19:28:37', '2022-07-17 19:28:37', 3),
(49, '2022-07-17 19:28:39', '2022-07-17 19:28:39', 4),
(56, '2022-07-17 19:28:43', '2022-07-17 19:28:43', 9),
(60, '2022-07-17 19:28:47', '2022-07-17 19:28:47', 2),
(69, '2022-07-17 19:28:50', '2022-07-17 19:28:50', 6),
(81, '2022-07-17 19:28:56', '2022-07-17 19:28:56', 1),
(82, '2022-07-17 19:28:57', '2022-07-17 19:28:57', 6),
(86, '2022-07-17 19:29:00', '2022-07-17 19:29:00', 4),
(92, '2022-07-17 19:29:03', '2022-07-17 19:29:03', 4),
(97, '2022-07-17 19:29:06', '2022-07-17 19:29:06', 4),
(98, '2022-07-17 19:29:07', '2022-07-17 19:29:07', 1),
(140, '2023-01-05 23:57:04', '2023-01-05 23:57:04', 1);

INSERT INTO `chats` (`id`, `created_at`, `updated_at`) VALUES
(1, NULL, NULL),
(2, NULL, NULL),
(5, '2023-01-15 23:32:44', '2023-01-15 23:32:44'),
(6, '2023-02-23 14:01:25', '2023-02-23 14:01:25'),
(7, '2023-04-02 07:44:11', '2023-04-02 07:44:11');

INSERT INTO `chat_user` (`id`, `user_id`, `chat_id`) VALUES
(1, 1, 1),
(3, 1, 2),
(14, 1, 7),
(4, 8, 2),
(9, 9, 5),
(2, 19, 1),
(10, 19, 5),
(12, 19, 6),
(11, 21, 6),
(13, 21, 7);

INSERT INTO `mensajes` (`id`, `cuerpo`, `leido`, `user_id`, `chat_id`, `created_at`, `updated_at`) VALUES
(1, 'hola', 1, 1, 1, '2023-01-08 18:48:25', '2023-01-16 00:27:33'),
(2, 'adios', 1, 19, 1, '2023-01-08 19:30:05', '2023-01-16 00:28:49'),
(3, 'heey', 0, 1, 2, '2023-01-08 19:30:44', '2023-01-08 19:30:44'),
(4, 'hola la verdad es que eres mi usuario favorito por eso solo te hablo a ti', 1, 1, 1, '2023-01-08 19:40:37', '2023-01-16 00:27:33'),
(5, 'jaja que graciosa eresç', 1, 19, 1, '2023-01-08 19:41:10', '2023-01-16 00:28:49'),
(6, 'hola', 1, 1, 1, '2023-01-08 20:34:08', '2023-01-16 00:27:33'),
(7, 'ho', 1, 1, 1, '2023-01-08 20:34:09', '2023-01-16 00:27:33'),
(8, 'hola', 1, 1, 1, '2023-01-08 20:34:46', '2023-01-16 00:27:33'),
(9, 'pruebasocket', 1, 1, 1, '2023-01-08 20:35:14', '2023-01-16 00:27:33'),
(10, 'deja de espamearme', 1, 19, 1, '2023-01-08 20:36:50', '2023-01-16 00:28:49'),
(11, 'aaa', 1, 1, 1, '2023-01-08 21:05:56', '2023-01-16 00:27:33'),
(12, 'eee', 0, 1, 2, '2023-01-08 21:06:06', '2023-01-08 21:06:06'),
(13, 'iii', 1, 19, 1, '2023-01-08 21:06:20', '2023-01-16 00:28:49'),
(14, 'prueba final', 1, 19, 1, '2023-01-08 21:16:48', '2023-01-16 00:28:49'),
(15, 'nada..', 1, 1, 1, '2023-01-08 21:32:37', '2023-01-16 00:27:33'),
(16, 'hola...', 1, 1, 1, '2023-01-08 21:39:04', '2023-01-16 00:27:33'),
(17, 'adios....', 1, 19, 1, '2023-01-08 21:39:20', '2023-01-16 00:28:49'),
(18, 'esta va para alba', 1, 1, 1, '2023-01-08 21:40:24', '2023-01-16 00:27:33'),
(19, 'y esta para ti johathan heidenreich :D', 1, 19, 1, '2023-01-08 21:40:43', '2023-01-16 00:28:49'),
(20, 'hi', 1, 1, 1, '2023-01-08 21:56:51', '2023-01-16 00:27:33'),
(21, 'hi', 1, 1, 1, '2023-01-08 22:04:56', '2023-01-16 00:27:33'),
(22, 'hola', 0, 1, 2, '2023-01-13 15:38:00', '2023-01-13 15:38:00'),
(23, 'hey', 0, 19, 5, '2023-01-15 23:33:50', '2023-01-15 23:33:50'),
(24, 'hola me ves', 1, 1, 1, '2023-01-16 00:29:04', '2023-01-16 00:29:05'),
(25, 'hola', 1, 1, 1, '2023-01-16 19:16:45', '2023-01-16 19:49:16'),
(26, 'hola', 1, 1, 1, '2023-01-16 19:17:22', '2023-01-16 19:49:16'),
(27, 'hola', 1, 1, 1, '2023-01-16 19:18:35', '2023-01-16 19:49:16'),
(28, 'esta vez si', 1, 1, 1, '2023-01-16 19:19:40', '2023-01-16 19:49:16'),
(29, 'hey', 1, 1, 1, '2023-01-16 19:23:23', '2023-01-16 19:49:16'),
(30, 'por favor funciona', 1, 1, 1, '2023-01-16 19:24:49', '2023-01-16 19:49:16'),
(31, 'y en movil serias capaz de funcionar?', 1, 1, 1, '2023-01-16 19:25:14', '2023-01-16 19:49:16'),
(32, 'pls', 1, 1, 1, '2023-01-16 19:26:48', '2023-01-16 19:49:16'),
(33, ' jiji', 1, 1, 1, '2023-01-16 19:28:17', '2023-01-16 19:49:16'),
(34, 'asdfasdfdasf', 1, 1, 1, '2023-01-16 19:28:50', '2023-01-16 19:49:16'),
(35, 'joiafjasdiofjdio', 1, 1, 1, '2023-01-16 19:30:44', '2023-01-16 19:49:16'),
(36, 'por faiosdjfoiasdjfasd', 1, 1, 1, '2023-01-16 19:33:59', '2023-01-16 19:49:16'),
(37, 'oasidjf', 1, 1, 1, '2023-01-16 19:39:07', '2023-01-16 19:49:16'),
(38, 'asdf', 1, 1, 1, '2023-01-16 19:40:20', '2023-01-16 19:49:16'),
(39, 'oiasjdf', 1, 1, 1, '2023-01-16 19:40:52', '2023-01-16 19:49:16'),
(40, 'hola', 1, 1, 1, '2023-01-16 19:45:19', '2023-01-16 19:49:16'),
(41, 'tarde para pedir', 0, 1, 2, '2023-01-16 19:45:36', '2023-01-16 19:45:36'),
(42, 'pero por favor señor del kebab dame una chacne', 0, 1, 2, '2023-01-16 19:45:47', '2023-01-16 19:45:47'),
(43, 'jejeajasus', 1, 1, 1, '2023-01-16 19:46:16', '2023-01-16 19:49:16'),
(44, 'para ti mi amor', 1, 1, 1, '2023-01-17 21:35:07', '2023-02-23 18:40:55'),
(45, 'eres', 1, 1, 1, '2023-01-17 21:36:14', '2023-02-23 18:40:55'),
(46, 'la', 1, 1, 1, '2023-01-17 21:36:20', '2023-02-23 18:40:55'),
(47, 'hey', 1, 1, 1, '2023-01-17 21:40:09', '2023-02-23 18:40:55'),
(48, 'hola', 1, 19, 6, '2023-02-23 16:13:37', '2023-02-23 16:14:12'),
(49, 'hola', 0, 21, 6, '2023-02-23 18:41:59', '2023-02-23 18:41:59'),
(50, 'hola', 0, 1, 2, '2023-04-02 07:44:41', '2023-04-02 07:44:41'),
(51, 'Hola', 0, 1, 7, '2023-04-02 07:54:26', '2023-04-02 07:54:26');

INSERT INTO `faqs` (`id`, `pregunta`, `respuesta`, `created_at`, `updated_at`) VALUES
(1, '¿Cómo puedo registrar un objeto que he encontrado?', 'Te recomendamos que primero eches un vistazo a la lista de objetos buscados para ver si alguien ya está buscando ese objeto perdido.\n            Si no se encuentra ahí, puedes registarlo a través del formulario:\n            <a class=\"text-blue-gray-dark\" href=\"#\">Registrar Objeto Encontrado</a>', '2022-07-17 19:29:09', '2022-07-17 19:29:09'),
(2, '¿Cómo puedo registrar un objeto que estoy buscando?', 'Te recomendamos que primero eches un vistazo a la lista de objetos encontrados para ver si alguien lo ha encontrado.\n            Si no se encuentra ahí, puedes registar tu objeto a través del formulario:\n            <a class=\"text-blue-gray-dark\" href=\"#\">Registrar Objeto Buscado</a>', '2022-07-17 19:29:09', '2022-07-17 19:29:09'),
(3, '¿Cómo puedo buscar un objeto?', 'Si se trata de un objeto que estás buscando, puedes hacerlo a través de:\n            <a class=\"text-blue-gray-dark\" href=\"#\">Lista Objetos Buscados</a>\n            Si se trata de un objetoque has encontrado, puedes hacerlo a través de:\n            <a class=\"text-blue-gray-dark\" href=\"#\">Lista Objetos Encontrados</a>', '2022-07-17 19:29:09', '2022-07-17 19:29:09'),
(4, '¿Cómo puedo contactar con la persona que encontró mi objeto?', 'Primero deberás haberte registrado e iniciado sesión a través de:\n            <a class=\"text-blue-gray-dark\" href=\"#\">Registrarse/Inicio Sesión</a>\n            Después desde la ficha del objeto encontrarás el botón \"Contactar\"', '2022-07-17 19:29:09', '2022-07-17 19:29:09'),
(5, '¿Puedo denunciar un mal comportamiento en la web?', 'Sí, podrás hacerlo a través del formulario que encontrarás en:\n                <a class=\"text-blue-gray-dark\" href=\"#\">Contacta con Nosotros</a>', '2022-07-17 19:29:09', '2022-07-17 19:29:09');

INSERT INTO `migrations` (`id`, `migration`, `batch`) VALUES
(1, '2013_06_22_155515_create_images_table', 1),
(2, '2013_06_24_184622_create_image_users_table', 1),
(3, '2014_10_12_000000_create_users_table', 1),
(4, '2014_10_12_100000_create_password_resets_table', 1),
(5, '2019_08_19_000000_create_failed_jobs_table', 1),
(6, '2019_12_14_000001_create_personal_access_tokens_table', 1),
(7, '2022_06_22_151801_create_objetos_table', 1),
(8, '2022_06_22_153331_create_objetos_buscados_busca_table', 1),
(9, '2022_06_22_153408_create_objetos_encontrados_encuentras_table', 1),
(10, '2022_06_24_175747_create_image_objetos_table', 1),
(11, '2022_07_14_181320_create_faqs_table', 1),
(12, '2022_07_28_173514_create_permission_tables', 2),
(13, '2022_08_15_145601_add_column_to_users_table', 3),
(14, '2022_11_24_182900_create_colors_table', 4),
(15, '2022_11_24_183344_create_categorias_table', 4),
(16, '2022_11_24_184709_modify_columns_objetos_table', 5),
(23, '2023_01_07_184804_create_chats_table', 6),
(24, '2023_01_07_185022_create_mensajes_table', 6),
(25, '2023_01_08_160751_create_chat_user_table', 6),
(26, '2023_01_08_230019_create_jobs_table', 7),
(27, '2023_03_26_174456_add_latitud_and_longitud_to_objetos_table', 8);